STT,Tan suat P(%),Kp,Xp (mm),Ghi chu
1,0.01%,3.44,585.90,T = 10000.0 nam
2,0.05%,3.01,513.91,T = 2000.0 nam
3,0.10%,2.83,482.40,T = 1000.0 nam
4,0.20%,2.64,450.51,T = 500.0 nam
5,0.50%,2.39,407.63,T = 200.0 nam
6,1.00%,2.20,374.51,T = 100.0 nam
7,2.00%,2.00,340.62,T = 50.0 nam
8,3.00%,1.88,320.35,T = 33.3 nam
9,5.00%,1.73,294.21,T = 20.0 nam
10,10.00%,1.51,257.32,T = 10.0 nam
11,20.00%,1.28,217.94,T = 5.0 nam
12,25.00%,1.20,204.45,T = 4.0 nam
13,33.30%,1.09,186.25,T = 3.0 nam
14,50.00%,0.93,157.84,T = 2.0 nam
15,75.00%,0.72,122.86,T = 4.0 nam
16,80.00%,0.68,115.82,T = 5.0 nam
17,85.00%,0.64,108.38,T = 6.7 nam
18,90.00%,0.59,100.12,T = 10.0 nam
19,95.00%,0.53,89.95,T = 20.0 nam
20,97.00%,0.50,84.54,T = 33.3 nam
21,99.00%,0.45,76.58,T = 100.0 nam
22,99.90%,0.40,68.32,T = 1000.0 nam
